{"num_params": 2104067, "loss_mean": 67788.130078125, "loss_std": 4233.525381742193, "fno_time_mean": 1.3133864164352418, "fno_time_std": 0.5289974589832058, "nwp_time_mean": 0.6665997982025147, "nwp_time_std": 0.5153767031376508, "training_time": 1908.148808002472}